from,to,relation
hame,francr,1
hame,hapoanthorofthph,1
hame,merlin,1
hame,juwi,1
hame,gala,1
hame,thmu,1
hame,thlociofz,1
hame,edison,1
hame,thbaofbusc,1
hame,thbaofbuscc,1
hame,trautmann,1
hame,wafothba,1
hame,thwaofthwo,1
hame,hidama,1
hame,tholgu,1
hame,thdealthti,1
hame,sayopr,1
hame,thquga,1
hame,thtrofma,1
hame,plbapl,1
hame,thpabley,1
stpo,francr,3
mabi,hapoanthorofthph,3
aswa,merlin,3
pase,juwi,3
brhi,gala,3
sutu,thmu,3
jagr,thlociofz,3
algore,edison,3
etco,thbaofbusc,3
joco,thbaofbuscc,3
mahro,trautmann,3
cigu,wafothba,3
crvi,thwaofthwo,3
otba,hidama,3
giprby,tholgu,3
anca,thdealthti,3
hami,sayopr,3
scfr,thquga,3
amkr,plbapl,3
scco,thpabley,3
bbc,francr,2
bbc,hapoanthorofthph,2
bbc,merlin,2
bbc,juwi,2
bbc,gala,2
elar,thmu,2
twtw,thlociofz,2
papi,edison,2
thweco,thbaofbusc,2
thweco,thbaofbuscc,2
mizopr,trautmann,2
lieblingsfilm,wafothba,2
cofi,thwaofthwo,2
mammoth,hidama,2
skydance,tholgu,2
brmoco,thdealthti,2
grve,sayopr,2
netflix,thquga,2
a24,thtrofma,2
rime,plbapl,2
crcrpi,thpabley,2
japh,amiey,1
japh,kingdom,1
japh,wath,1
japh,thtu,1
japh,siwi,1
japh,daanthhuzo,1
japh,patchwork,1
japh,seda,1
japh,cadia,1
japh,laniinso,1
japh,nonono,1
joca,amiey,3
siwh,kingdom,3
saab,wath,3
chkr,thtu,3
tipr,siwi,3
deek,daanthhuzo,3
tyma,patchwork,3
dohi,seda,3
cege,cadia,3
edwr,laniinso,3
alho,nonono,3
hepi,amiey,2
pafiante,kingdom,2
mefisc,wath,2
supr,thtu,2
bbc,siwi,2
bbc,daanthhuzo,2
inlien,patchwork,2
pire,seda,2
juaskpr,cadia,2
fofein,laniinso,2
stabl,nonono,2
rugr,thunderpants,1
rugr,drle,1
rugr,cherrybomb,1
rugr,wita,1
rugr,coflwime,1
rugr,intowh,1
rugr,amda,6
rugr,lalechc,1
rugr,sucl,1
rugr,cbgb,1
rugr,popa,6
rugr,moonwalkers,1
rugr,snatch,1
rugr,sino,1
rugr,dimodeheab,1
rugr,servant,1
rugr,gudetocaofcu,1
rugr,knthca,1
rugr,leho,1
rugr,habipepa,6
rugr,fussball,1
rugr,enofma,1
rugr,trulsh,1
rugr,urmy,1
pehe,thunderpants,3
jebr,drle,3
libads,cherrybomb,3
joly,wita,3
paki,coflwime,3
pena,intowh,3
sema,amda,3
frbo,lalechc,3
rami,cbgb,3
mifr,sucl,3
anba,moonwalkers,3
guri,snatch,3
mali,sino,3
frta,dimodeheab,3
mnish,servant,3
jeke,gudetocaofcu,3
mnish,knthca,3
shra,leho,3
roac,habipepa,3
jujoca,fussball,3
vire,enofma,3
jado,trulsh,3
bepa,urmy,3
midi,popa,3
mipi,thunderpants,2
ukfico,drle,2
geen,cherrybomb,2
malipr,wita,2
bbc,coflwime,2
fifufu,intowh,2
20cefo,amda,2
vopi,lalechc,2
unfrpr,cbgb,2
cbs,sucl,2
rugrho,popa,2
wivi,moonwalkers,2
copi,snatch,2
kibepr,sino,2
mgm,dimodeheab,2
bledpi,servant,2
exendodayo,gudetocaofcu,2
bledpi,knthca,2
wabr,leho,2
dipr,habipepa,2
100ba,fussball,2
hekifi,enofma,2
bbc,trulsh,2
skar,urmy,2
rafi,thplwhiwr,1
rafi,spider,1
rafi,dedivomoca,1
rafi,rodr,1
rafi,malost,1
rafi,thtacu,1
rafi,brand,1
rafi,liki,6
rafi,likitwo,6
rafi,frahiofus,6
rafi,tedatodd,1
rafi,thchglinkldo,1
rafi,chromophobia,1
rafi,deewga,1
rafi,waungraudejanaderi,6
rafi,waungraudejanaderitwo,6
rafi,thwhco,1
rafi,hapoanthgooffi,6
rafi,juca,1
rafi,fahe,1
rafi,laofthbl,1
rafi,beando,1
rafi,filo,1
rafi,hapoanthorofthph,6
rafi,degodege,1
rafi,kooe,1
rafi,brseunst,1
rafi,dihe,1
rafi,tokothhulo,1
rafi,devo,1
rafi,thwidr,1
rafi,eizanaknaufaineineab,1
rafi,kadeti,1
rafi,cejudaleunaner,1
rafi,cejudaleunanertwo,1
rafi,dest,1
rafi,coriolanus,1
rafi,diveveauhoeb,1
rafi,zodeti,1
rafi,grer,1
rafi,jabosk,1
rafi,thinwo,1
rafi,grbuho,1
rafi,divetoge,1
rafi,divegnja,1
rafi,rev,1
rafi,mevde,1
rafi,maansu,1
rafi,abisp,1
rafi,jabosp,1
rafi,baso,1
rafi,richardthree,1
rafi,haca,1
rafi,hacatwo,1
rafi,thwo,1
rafi,kudetasa,6
rafi,thlebamo,6
rafi,seso,1
rafi,anuncl,1
rafi,nuthwhcr,1
rafi,hoanwa,1
rafi,ofse,1
rafi,thlemo2,6
rafi,co53,1
rafi,bethde,1
rafi,difarededrdo,1
rafi,diau,1
rafi,thfo,1
rafi,jabokezezust,1
rafi,bethdefilm,1
rafi,thkima,1
rafi,thme,1
rafi,stlicr,1
rafi,coriolanus,3
rafi,nuthwhcr,3
rafi,thinwo,3
arpo,thchglinkldo,3
kebr,thplwhiwr,3
kebr,malost,3
dacr,spider,3
nejo,dedivomoca,3
brra,rodr,3
hoda,thtacu,3
adno,brand,3
jure,liki,3
jure,likitwo,3
phku,frahiofus,3
mami,tedatodd,3
mafi,chromophobia,3
feme,deewga,3
stbo,waungraudejanaderi,3
nipa,waungraudejanaderitwo,3
jaiv,thwhco,3
numi,hapoanthgooffi,3
dewa,juca,3
joke,fahe,3
joke,kooe,3
roed,laofthbl,3
boba,beando,3
mico,filo,3
mabi,hapoanthorofthph,3
mawa,degodege,3
mawa,baso,3
mamc,brseunst,3
sadi,dihe,3
kabi,tokothhulo,3
stda,devo,3
ange,thwidr,3
suwh,eizanaknaufaineineab,3
lole,kadeti,3
rige,cejudaleunaner,3
stme,cejudaleunanertwo,3
trnu,dest,3
daha,diveveauhoeb,3
daha,divetoge,3
daha,divegnja,3
daha,bethdefilm,3
joli,zodeti,3
mine,grer,3
same,jabosk,3
same,jabosp,3
wean,grbuho,3
peca,rev,3
vegl,mevde,3
sigo,maansu,3
sigo,anuncl,3
lugu,abisp,3
rugo,richardthree,3
etco,haca,3
joco,hacatwo,3
elbawo,thwo,3
trkn,kudetasa,3
chmc,thlebamo,3
vare,seso,3
etanco,hoanwa,3
gaho,ofse,3
mimi,thlemo2,3
taam,co53,3
nihy,bethde,3
nihy,stlicr,3
stga,difarededrdo,3
sist,diau,3
jomimc,thfo,3
cajofu,jabokezezust,3
mamy,thme,3
mava,thkima,3
wyth,thplwhiwr,2
sopi,spider,2
sopi,thwhco,2
sopi,cejudaleunaner,2
sopi,cejudaleunanertwo,2
sopi,nuthwhcr,2
sopi,thinwo,2
fox,dedivomoca,2
fox,grer,2
unst,rodr,2
unst,eizanaknaufaineineab,2
unst,haca,2
unst,hacatwo,2
unst,difarededrdo,2
copi,malost,2
copi,hoanwa,2
ronath,thtacu,2
ronath,kooe,2
ronath,maansu,2
ronath,anuncl,2
throshco,brand,2
pbs,liki,2
pbs,likitwo,2
pbs,frahiofus,2
aaneshich,tedatodd,2
picturehouse,thchglinkldo,2
fofe,deewga,2
fofe,brseunst,2
fofe,kudetasa,2
dreamworks,waungraudejanaderi,2
dreamworks,waungraudejanaderitwo,2
elar,hapoanthgooffi,2
elar,hapoanthorofthph,2
mopi,chromophobia,2
bace,juca,2
gath,fahe,2
sagofi,laofthbl,2
hbo,beando,2
syfe,filo,2
gith,degodege,2
paramount,dihe,2
sume,tokothhulo,2
thweco,devo,2
thweco,coriolanus,2
nage,thwidr,2
wabr,kadeti,2
wabr,zodeti,2
wabr,mevde,2
wabr,thlebamo,2
wabr,thlemo2,2
sopi,cejudaleunaner,2
sopi,cejudaleunanertwo,2
throha,dest,2
komegm,diveveauhoeb,2
komegm,divetoge,2
komegm,divegnja,2
mgm,jabokezezust,2
mgm,jabosk,2
mgm,jabosp,2
fose,grbuho,2
fose,abisp,2
bbca,rev,2
olvith,baso,2
alth,richardthree,2
kickstarter,thwo,2
diprlt,seso,2
iffi,ofse,2
brth,bethde,2
brth,stlicr,2
roat,thfo,2
anpi,bethdefilm,2
20cefo,thkima,2
sepi,thme,2
heboca,pldeaf,1
heboca,novocaine,1
heboca,football,1
heboca,thheofme,1
heboca,tihuvowaus,1
heboca,lifrba,1
heboca,hevi,1
heboca,bifi,1
heboca,lesn,1
heboca,chundisc,1
heboca,cowiotwo,1
heboca,waangrthcoofthwera1,6
heboca,waangrthcoofthwera2,6
heboca,cobrhomieile,6
heboca,mase,1
heboca,sisi,1
heboca,swtodetebaaudeflst,1
heboca,tedier,1
heboca,enid,1
heboca,degr,6
heboca,alimwu,1
heboca,thkisp,1
heboca,toast,1
heboca,litosh,1
heboca,dagr,6
heboca,ruwaouofthga,1
heboca,dash,1
heboca,ath,1
heboca,grer,1
heboca,lemi,1
heboca,thlora,1
heboca,buunta,1
heboca,dikametr,1
heboca,maanspbeinmaansp,1
heboca,divetoge,1
heboca,divegnja,1
heboca,cinderella,1
heboca,sutastwo,1
heboca,alimwuhidesp,1
heboca,loni,1
heboca,poap,6
heboca,elanco,1
heboca,ststanamhe,1
heboca,ocei,1
heboca,blopfodeofthni,1
heboca,dedukraedewi,6
heboca,emfohilojo,1
heboca,dfthgrsoca,6
heboca,drve,6
heboca,ciqudafohe,1
heboca,enho,1
heboca,thcr,1
heboca,clown,6
heboca,thcl,1
heboca,thho,6
heboca,tepe,1
heboca,enho2,1
heboca,nolly,1
heboca,bradbrneda,1
heboca,apwasesiitaldoth,1
heboca,wiba,6
20cefo,pldeaf,2
aren,novocaine,2
thinkfilm,thheofme,2
papi,tihuvowaus,2
hbo,lifrba,2
cbs,hevi,2
copi,bifi,2
copi,lesn,2
wabr,chundisc,2
fafi,cowiotwo,2
frde,waangrthcoofthwera1,2
drwo,waangrthcoofthwera2,2
wabr,cobrhomieile,2
fiinpi,sisi,2
papi,swtodetebaaudeflst,2
wabr,tedier,2
bbc,enid,2
bbc,degr,2
wadi,alimwu,2
weco,thkisp,2
wtme,toast,2
bbc,dagr,2
wabr,dash,2
unpi,lemi,2
wadi,thlora,2
bbc,buunta,2
weco,dikametr,2
cafi,divetoge,2
cafi,divegnja,2
wadi,cinderella,2
fofe,sutastwo,2
wadi,alimwuhidesp,2
bbc,loni,2
nfts,poap,2
elfi,elanco,2
fuacmopi,ststanamhe,2
wabr,ocei,2
jiheco,dedukraedewi,2
rapr,drve,2
wabr,enho,2
sopi,thcr,2
cbs,thcl,2
brst,tepe,2
wabr,enho2,2
qustpr,nolly,2
netflix,wiba,2
mgm,mase,2
blen,litosh,2
prada,ath,2
20cefo,grer,2
drwo,dfthgrsoca,2
nest,thho,2
apple,apwasesiitaldoth,2
polydor,bradbrneda,2
treyarch,blopfodeofthni,2
dere,ruwaouofthga,2
tibu,pldeaf,3
daat,novocaine,3
gade,football,3
thosu,thheofme,3
mipe,tihuvowaus,3
mija,lifrba,3
petr,hevi,3
tibu,bifi,3
brsi,lesn,3
tibu,chundisc,3
hacan,waangrthcoofthwera1,3
stbo,waangrthcoofthwera2,3
tibu,cobrhomieile,3
kegl,mase,3
pawe,sisi,3
tibu,swtodetebaaudeflst,3
jaha,enid,3
mala,dagr,3
tibu,alimwu,3
toho,thkisp,3
sjcl,toast,3
rige,litosh,3
uwhe,dagr,3
phan,ruwaouofthga,3
tibu,dash,3
ropo,ath,3
mine,grer,3
toho,lemi,3
gove,thlora,3
rila,buunta,3
jepije,dikametr,3
jore,maanspbeinmaansp,3
daha,divetoge,3
daha,divegnja,3
kebr,cinderella,3
sagr,sutastwo,3
jabo,alimwuhidesp,3
sjcl,loni,3
paba,poap,3
biau,elanco,3
rilan,ststanamhe,3
garo,ocei,3
jabl,blopfodeofthni,3
admu,emfohilojo,3
maos,dfthgrsoca,3
ivsi,drve,3
habr,enho,3
chsc,thcr,3
lube,clown,3
paba,thho,3
sale,tepe,3
habr,enho2,3
brad,bradbrneda,3
sane,ciqudafohe,3
lema,thcl,3
jomc,tedier,3